title,date,content,rating
dont let the price fool you,"Reviewed in the United States on October 21, 2021","What a gem. I was simply blown away with the quality of this product. It is very well made, crisp highs and deep bass. Large ear coverings, and gentle fit for long wearing. Comfortable while lying in bed. Easiest connection ever. From unboxing to working less than 5 mins. This replaces a $200 sony and now I feel nuts for spending all that money on the sony",5
Easy to set up!,"Reviewed in the United States on August 27, 2021","I'm not a techie, but I had no difficulty setting it up. I use this to watch/listen to some cable stations. Previous headphones stop working after many years of use. I expect the same with these headphones.",5
As advertised,"Reviewed in the United States on November 13, 2021",I can tun the tv sound off & enjoy my program while others in the room visit or play - works great when kids are playing.,5
Great headphones for the money,"Reviewed in the United States on October 18, 2021",These headphones are light weight and comfortable. They paired up easily with our new Samsung 9000 series TV. Be sure to turn on your Bluetooth access on the Samsung TV and it will pop right up.,5
"Makes spoken words clearer for me, not the best for music","Reviewed in the United States on December 11, 2021","I have profound hearing loss in the ranges of most spoken human voices, among others. These headphones add bass to the sound stream which helps me understand TV dialogue much better than the previous headphones I used. They're not the greatest for music, but my previous headphones were digital optical, and these are RCA analogue. Not a deal breaker for my crappy ears, but somebody wanting true sound fidelity might be disappointed. Hey, rock and roll is supposed to be loud and scratchy, right?",5
Changed my life,"Reviewed in the United States on May 20, 2022","My sweetheart is very hard of hearing and it was impossible to watch anything that had a character with an accent. (He has good hearing aides). I bought these so we could watch comedians and numerous other movies and TV shows and they have been excellent. He hears everything, doesn't misunderstand the jokes, etc. Better yet, he prefers to read down in the evenings and I have shows he doesn't like to watch. Then I put on the earphones, watch what I want and it doesn't disturb his reading. Very easy to use, just hold button down for five seconds, they turn on and we are off to a pleasant evening.",5
Worth the money,"Reviewed in the United States on October 6, 2021","I have had these wireless headphones for quite some time. I ordered these for my husband. He thinks they are great - comfortable and sound is sharp.
Would definitely recommend",5
You get more then what you pay for!,"Reviewed in the United States on March 17, 2022","Picked these up for my Pops who is a night owl and hard of hearing. He recently retired and moved in with me and so now he's up all night watching TV and with my sound bar/subwoofer set up he was keeping us all up! Not anymore! He sits about 15 feet from the TV and they work great. You definitely get more then you pay for with these. They may not be the top quality, but if they work good for someone with bad Tinnitus I say they are good. He's hasn't ran the battery down yet do to the fact that he puts them back on the charging base when not in use. Overall I would recommend for anyone who's looking for a pair. Also we have LARGE heads and they are comfortable to wear. Added bonus, they are easy to set up! Simply plugged in the RCA cables and power cord, and they worked once charged.",5
Super easy setup!,"Reviewed in the United States on October 14, 2021","I was pleasantly surprised at how easy this was to set up. Took maybe 10 minutes. Didn't have any of the issues I read in the reviews. Been using it about a month with no problems so far! The one I had been using lasted about 15 years or more. Hope this one does, too!",5
Purchased 2nd Pair. Just works!!!!,"Reviewed in the United States on March 19, 2022","I'm not big on leaving reviews, however, these do deserve a good review. I purchased both that have an Optical Port although just the Audio Headphone jack does work, the Optical connection gives a good Surround effect vs having just the Headphone jack.
They work great for this hard-of-hearing fella. My wife loves that she doesn't have to turn that volume up for me anymore.
Very comfortable fit.",5
Don't over charge them ğŸ˜œ,2021å¹´12æœˆ10æ—¥ åœ¨ç¾å›½å®¡æ ¸,They were a ğŸ gift for my father and for some reason I see him taking them off the charging dock right after it's fully charged and he's ğŸ˜ happy that's all that matters.,5
Cuts in and out,2021å¹´9æœˆ15æ—¥ åœ¨ç¾å›½å®¡æ ¸,"I didn't realize that the only way to connect to these headphones is with an RCA cable. Luckily, they provide an aux cable converter, so I was able to plug them into my computer. I don't use them with my TV, but I do quite a bit of audio editing. The quality is great, but the 2nd time I used them they kept cutting in and out. They also didn't seem to be charging properly - the light wouldn't turn on immediately when I put them in the charger, but would show up after a while and never for very long. Not sure I would go for these over some good quality blue tooth headphones",3
We have been buying these for a few years now and they are awesome.,2022å¹´2æœˆ2æ—¥ åœ¨ç¾å›½å®¡æ ¸,This is the 3rd pair we have bought but we have 2 so one stays on the charger all the time. The 1st one we purchased finally bit the dust after 3yrs. Believe me when I say that they lasted way long than I expected. They are used almost 16hrs a day every day. Worth it!,5
Great sound.,2022å¹´5æœˆ16æ—¥ åœ¨ç¾å›½å®¡æ ¸,"They are a little bulky, but great sound and easy to use.",5
Wonderful for Seniors,2022å¹´2æœˆ16æ—¥ åœ¨ç¾å›½å®¡æ ¸,I bought these for my dad to watch TV so he didnâ€™t have to wear his hearing aides and he loves them. The sounds quality is amazing and you can hear a bunch of background noises that you donâ€™t normally pick up.,5
The Best!,2022å¹´1æœˆ28æ—¥ åœ¨ç¾å›½å®¡æ ¸,These are so amazing. They're totally comfortable with an adjustable head band. The ear pieces are very comfortable. The noise canceling is unbelievable. And the simplicity of using the headphones is very nice. They also have a very long range. I can walk anywhere in my 2 story 2000 Sq ft home and it's crystal clear sound. They also have an auto shutoff which I think is a nice feature. The battery is very long lasting.,5
"No more ""turn down the TV"" !!!",2022å¹´1æœˆ18æ—¥ åœ¨ç¾å›½å®¡æ ¸,Hook up was EZ and the worst part was waiting on the charge so I could use it. Should have gotten long time ago. I now have my TV time back and don't bother anyone else in the house.,5
"Work, clear sound",2022å¹´1æœˆ23æ—¥ åœ¨ç¾å›½å®¡æ ¸,Great ğŸ‘ happy...quality sounds good...but when watching Netflix doesn't switch over. For 79.00 dollars it should work both way.. I see why they are not buying,5
Headphones broke,2022å¹´5æœˆ24æ—¥ åœ¨ç¾å›½å®¡æ ¸,"Love these but the earphone on the left side came loose.
Wire is still connected and works but per the photo is not attached to the headset.
How do I repair or replace.",5
A deft manâ€™s dream,2022å¹´3æœˆ12æ—¥ åœ¨ç¾å›½å®¡æ ¸,No lead or lag time. Great distance keeping quality sound. I would recommend them to anyone with kids or likes to get into a movie.,5
Life changing for the hearing impaired,2022å¹´1æœˆ18æ—¥ åœ¨ç¾å›½å®¡æ ¸,"This was easy set up. The sound quality is better than the regular TV, as it doesn't play the background music so loud that you have to constantly work the volume button up and down. It's also nice to have quiet, when other people aren't watching!",5
Great headphones,2022å¹´2æœˆ16æ—¥ åœ¨ç¾å›½å®¡æ ¸,"I cannot belive how much I haven't been hearing without these. Music is awesome and I can hear the TV and not miss one thing
Great buy",5
Great sound and connectability,2022å¹´4æœˆ20æ—¥ åœ¨ç¾å›½å®¡æ ¸,"Easy connect and great sound,my only issue is they are a bit tight and after a while can be somewhat uncomfortable",5
comfort,2021å¹´12æœˆ30æ—¥ åœ¨ç¾å›½å®¡æ ¸,"the clarity and comfort is amazing. I have a pair and bought one for my wife ,you can hear things on the tv you couldn't hear before",5
The comfort of the headphones.,2022å¹´4æœˆ6æ—¥ åœ¨ç¾å›½å®¡æ ¸,"These headphones do the job well. They are very clear, good sound, and easy to use. A good purchase!",5
Comfortable fit for watching tv,2022å¹´6æœˆ10æ—¥ åœ¨ç¾å›½å®¡æ ¸,I love the comfort of wearing this headset when I am watching tv at home alone......,5
Good headphones,2022å¹´3æœˆ24æ—¥ åœ¨ç¾å›½å®¡æ ¸,"Although
They are not sound canceling, they work quite well. I am really happy with them.",5
Bought for Mom,2022å¹´2æœˆ3æ—¥ åœ¨ç¾å›½å®¡æ ¸,Mom is hard of hearing. She loves these! Very clear and comfortable for her!,5
Works great!,2021å¹´12æœˆ2æ—¥ åœ¨ç¾å›½å®¡æ ¸,"Bought these for my husband for his birthday, we have open space living room so hard to hear the television, charged the headphones and was in heaven watching his movies without having the whole house having to listen.",5
nice,2022å¹´1æœˆ6æ—¥ åœ¨ç¾å›½å®¡æ ¸,makes my wife happy so the television is not loud any more,5
They work,2021å¹´10æœˆ26æ—¥ åœ¨ç¾å›½å®¡æ ¸,Any unwanted background noise is more due to the station with their music than with the earphones.,5
Love the quality!,2022å¹´5æœˆ7æ—¥ åœ¨ç¾å›½å®¡æ ¸,Sound quality is good,5
Good sound quality,2022å¹´1æœˆ29æ—¥ åœ¨ç¾å›½å®¡æ ¸,"A good sound quality, good range. Like it a lot",5
As advertisedğŸ˜ŠğŸ‘,2021å¹´10æœˆ15æ—¥ åœ¨ç¾å›½å®¡æ ¸,Awesome !! - now I can hear things that you can't hear on the TV speaker.,5
works great,2022å¹´6æœˆ22æ—¥ åœ¨ç¾å›½å®¡æ ¸,great,5
Sound is really good and so far I like them!,2022å¹´2æœˆ6æ—¥ åœ¨ç¾å›½å®¡æ ¸,I listen to tv with them!,5
Quality Sound,2021å¹´10æœˆ29æ—¥ åœ¨ç¾å›½å®¡æ ¸,They work so well I bought a second Pair so I can charge one while using the second one.,5
plug into correct connections,2021å¹´10æœˆ21æ—¥ åœ¨ç¾å›½å®¡æ ¸,The cable guy connected it properly for me and now no more loud TV complaints from upstairs or living room.,5
Great for TV,2022å¹´2æœˆ16æ—¥ åœ¨ç¾å›½å®¡æ ¸,works as it should.,5
Now all tvâ€™s have a set,2022å¹´5æœˆ13æ—¥ åœ¨ç¾å›½å®¡æ ¸,"This is my 3rd pair all still work and have them for all tvâ€™s! Very satisfied, if I need more I know where to get them",5
"Easy to use, clear sound, pleasant to wear!",2021å¹´11æœˆ29æ—¥ åœ¨ç¾å›½å®¡æ ¸,This headphone set has already made my tv viewing experiences more pleasant - and easier to accommodate my wife's desire for softer sound levels with my need to actually hear what is being said ! :),5
Great item,2021å¹´12æœˆ15æ—¥ åœ¨ç¾å›½å®¡æ ¸,Uses every night,5
Does the job.,2022å¹´1æœˆ21æ—¥ åœ¨ç¾å›½å®¡æ ¸,I use these for walking on treadmill and listening to tv programs. They do the job. Sound quality is decent. Alittle bulky but not irritating.,5
Silence,2021å¹´12æœˆ27æ—¥ åœ¨ç¾å›½å®¡æ ¸,I have a Roommate that's works graveyard. She sleeps during the day. And in order not to disturb her I bought these headphones and they work great. I'm able to enjoy my gaming times and enjoy watching television without disturbing anyone with the sound. Love this product,5
Stopped working one month after purchase,2022å¹´4æœˆ27æ—¥ åœ¨ç¾å›½å®¡æ ¸,Loved it for First month and then it stopped working,5
Nice to be able to hear the tv,2022å¹´4æœˆ29æ—¥ åœ¨ç¾å›½å®¡æ ¸,Easy set up,5
Great soung,2022å¹´8æœˆ1æ—¥ åœ¨ç¾å›½å®¡æ ¸,The sound is great. Fast and easy transaction for a great purchase,5
I can listen while he is wearing his headphones.,2022å¹´2æœˆ17æ—¥ åœ¨ç¾å›½å®¡æ ¸,My husband is hard of hearing. He loves them!,5
I can now hear my TV and don't have tobhave it too loud for others,2021å¹´11æœˆ5æ—¥ åœ¨ç¾å›½å®¡æ ¸,"I like that I can control my volume and everyone else can control their volume. I can even mute the TV ans sti hear it with my headphones
This is my 3rd set the same.
Wish they lasted longer than 2 years is my only complaint.",5
Very easy to set-up and to operate. Better than any that I've tried prior.,2022å¹´1æœˆ18æ—¥ åœ¨ç¾å›½å®¡æ ¸,"My walls and ceiling are not fireproof, so at 10:30pm, I have to turn my tv down real low, so I don't disturb my upstairs neighbor. The trouble with that, I can't hear it! So, this product is perfect!",5
As advertised - good sound - easy to use,2021å¹´11æœˆ3æ—¥ åœ¨ç¾å›½å®¡æ ¸,Great for seniors. Easy to use but well made and effective.,5
Don't miss this great deal!,2022å¹´5æœˆ24æ—¥ åœ¨ç¾å›½å®¡æ ¸,Perfect! Just what I needed..A+++++,5
comfort and sound,2021å¹´10æœˆ28æ—¥ åœ¨ç¾å›½å®¡æ ¸,The sound was good and comfort was important. Bought for my mom and needed something so she could hear tv and not bother everyone else in nursing home. Easy to charge and simple for her to operate,5
Give me RF headphones!,2022å¹´5æœˆ5æ—¥ åœ¨ç¾å›½å®¡æ ¸,We use the headphones for TV and DVD watching. The RF type is much simpler for us geezers than are the Bluetooths.,5
They fit a little tight on my head. Also the bass is to loud for me with my bad hearing.,2021å¹´11æœˆ13æ—¥ åœ¨ç¾å›½å®¡æ ¸,Just said it.I would buy again and the price is good.,5
Good deal.,2021å¹´12æœˆ19æ—¥ åœ¨ç¾å›½å®¡æ ¸,Hard to set up for an old lady. Daughter had it done in 10 minutes.,5
Saved our Marriage,2022å¹´5æœˆ7æ—¥ åœ¨ç¾å›½å®¡æ ¸,My husband needed the TV volume so loud that watching TV together was almost impossible. These headphones saved the day!,5
LLEGO RAPIDO Y ES EXCELENTE PRODUCTO,2021å¹´11æœˆ7æ—¥ åœ¨ç¾å›½å®¡æ ¸,EXCELENTE AUDIFONOS,5
Perfect,2022å¹´5æœˆ28æ—¥ åœ¨ç¾å›½å®¡æ ¸,They are comfortable and resolved the need for increased volume,5
TV Headphones,2022å¹´3æœˆ20æ—¥ åœ¨ç¾å›½å®¡æ ¸,My neighbors complained that my tv was too loud so I bought this headset and it is working out much better.,5
This is my second pair.,2022å¹´1æœˆ27æ—¥ åœ¨ç¾å›½å®¡æ ¸,This is my second pair.,5
Quality,2022å¹´7æœˆ19æ—¥ åœ¨ç¾å›½å®¡æ ¸,Good instructions,5
Love them,2021å¹´10æœˆ7æ—¥ åœ¨ç¾å›½å®¡æ ¸,They are perfect,5
Meets all my expectations.,2021å¹´10æœˆ31æ—¥ åœ¨ç¾å›½å®¡æ ¸,"Perform excellently. Very comfortable, sound quality very good.",5
I like these.,2021å¹´12æœˆ20æ—¥ åœ¨ç¾å›½å®¡æ ¸,Easy to install.,5
I have owned AT LEST 4 sets of head phones this are the best I have owned,2022å¹´1æœˆ30æ—¥ åœ¨ç¾å›½å®¡æ ¸,Great quality best I have owned,5
great value,2021å¹´12æœˆ2æ—¥ åœ¨ç¾å›½å®¡æ ¸,has worked great forPC,5
Information on how to install.,2021å¹´10æœˆ11æ—¥ åœ¨ç¾å›½å®¡æ ¸,Tv.,5
ğŸ‘,2022å¹´4æœˆ30æ—¥ åœ¨ç¾å›½å®¡æ ¸,Work as advertised on Amazon site,5
Ease of hook up,2021å¹´10æœˆ7æ—¥ åœ¨ç¾å›½å®¡æ ¸,Good for my husband to hear the tv loud and clear with out having to turn up the sound.,5
Noise control,2021å¹´12æœˆ29æ—¥ åœ¨ç¾å›½å®¡æ ¸,I enjoy because I can listen to TV in bed with my husband sleeping.,5
Great Product,2022å¹´2æœˆ21æ—¥ åœ¨ç¾å›½å®¡æ ¸,Highly recommend for those with hearing problems!,5
How to connect item,2021å¹´11æœˆ28æ—¥ åœ¨ç¾å›½å®¡æ ¸,It is a good product that helps keep the TV from being too loud,5
Easy set up and clear sound.,2021å¹´8æœˆ1æ—¥ åœ¨ç¾å›½å®¡æ ¸,Did not include an adapter for smart TV sound. Last 2 headphones broke at the charger input within a couple months.,3
Sound,2021å¹´10æœˆ6æ—¥ åœ¨ç¾å›½å®¡æ ¸,Meet all my expectations,5
They sound much better than the TV speakers,2022å¹´6æœˆ5æ—¥ åœ¨ç¾å›½å®¡æ ¸,"These headphones are reasonably comfortable. The earpiece cushions are firm but not too hard. The sound is much better than the TV speakers (which sound tinny and have almost no bass). The batteries hold a charge for several hours, though I haven't tested them to see exactly how long. I can walk several rooms away from the TV without losing the signal, so unless you have a huge TV (Jumbotron?) and watch it from a distance, range should be adequate. The signal between the base and the headset is not Bluetooth, and I have never noticed any lag between the video and audio. I bought this one for my mother-in-law, after I used a similar model for a couple of years (and mine is still working perfectly). This one can plug directly into her TV's optical output, while I had to use a separate converter with mine. Otherwise they seem to be identical.",4
Yay! They Work!,2022å¹´1æœˆ24æ—¥ åœ¨ç¾å›½å®¡æ ¸,"It took a while to get these headphones figured out for our bedroom ""smart TV"". The headphones do not come with an adapter for an optical digital outlet (WTF) and I ordered two different things from Amazon before I could get them to work. Our smart TV is older so it wasn't intuitive on how to get these headphones to work.... finally it happened. It's probably not cost effective for the headphones to come with an adapter, but I wish I would have read the fine print when I ordered. Anyway, once you figure it out (and go to the settings on your TV) these headphones work great! Comfortable and the sound quality is better than we expected.",4
Did not come with charging base,2022å¹´6æœˆ20æ—¥ åœ¨ç¾å›½å®¡æ ¸,The item didnâ€™t come with charging base as showed so sent it back. No instructions and hard to set up,1
A fairly good value for you're money.,2021å¹´11æœˆ6æ—¥ åœ¨ç¾å›½å®¡æ ¸,"Would have given a better review but they fit a bit tight and the ear pieces are a bit small and hard.
I once had another brand name headset that was much more comfortable and enjoyable to wear.
These do work fine though.",4
Doesnâ€™t work,2022å¹´7æœˆ20æ—¥ åœ¨ç¾å›½å®¡æ ¸,Got the product but wasnâ€™t aware you needed an adapter for it which his sold with another pair of head phones an the batteries I was provided with it doesnâ€™t work either,1
Does not work as advertised,2022å¹´2æœˆ8æ—¥ åœ¨ç¾å›½å®¡æ ¸,"Have to plug and unplug the cable into the back of the TV every time you use them. TV sound does not work with headphones plugged in.. Was told by seller to buy additional adaptor (which won't work as I still need another cable) to keep from having to plug and unplug the headphones so TV can be used normally. Seller said they would reimburse me for the additional part but did not. If your audio output is located where you can get to it easily, these would work. My TV is mounted in a way that makes it very hard to reach. Wasted my money. Should have gone with the Bluetooth. Do not recommend this seller due to poor customer service.",1
Difficult to operate,2021å¹´11æœˆ26æ—¥ åœ¨ç¾å›½å®¡æ ¸,"These were for an older man. He had trouble locating the TINY controls on the sides of the headset, one for off/on and the other for up/down. He always said, ""this thing does not stay on"" when actually he was pressing the ""off"" switch instead of adjusting volume. I agree with him, it was difficult to find the controls with your fingers. I had to take it off his head and hunt for them.
Sending it back.",2
"Good sound, easy set up",2022å¹´2æœˆ17æ—¥ åœ¨ç¾å›½å®¡æ ¸,"I bought these for my husband, he stays up watching TV and his hearing isnâ€™t what it used to be. He has the volume up and I canâ€™t sleep if heâ€™s watching TV. They do work well and heâ€™s able to hear his programs. I did request for the the adapter by email as per instructions, so far I have not received it. He is able to use it with the guest room TV, but he canâ€™t use with the living room TV without the adapter. They are not terribly sturdy but do work well as far as the sound quality and volume.",4
charging,2021å¹´11æœˆ11æ—¥ åœ¨ç¾å›½å®¡æ ¸,"2nd pair of this product, could be a better more positive connection for charging, same problem with last pair, otherwise a satisfactory product.",3
Great butâ€¦..,2022å¹´4æœˆ2æ—¥ åœ¨ç¾å›½å®¡æ ¸,These are a great deal except for the fact that you have to purchase an optical adapter and cable for them to work properly Which are not included,4
Comfortable!,2021å¹´10æœˆ20æ—¥ åœ¨ç¾å›½å®¡æ ¸,"The wireless TV ""ears"", Headphones work very well and are very comfortable. They are more easily chargeable and easy to do so on the dock. Thank you for making TV more enjoyable when able to hear.",4
Good product at a fair price,2021å¹´10æœˆ25æ—¥ åœ¨ç¾å›½å®¡æ ¸,Work well,5
Frustrating to Charge,2022å¹´2æœˆ5æ—¥ åœ¨ç¾å›½å®¡æ ¸,"I bought this for my hubby for Christmas because it is similar to the one he had! I was tried of looking at the duct tape. Unfortunately, itâ€™s frustrating to place the headset exactly on the stand in order for it to charge. Over the past few weeksâ€” we have spent way to much time to get it exactly right. On the positive sideâ€” sound & ease ability is perfect. I would return but I missed the deadline â€” my fault!",2
Not Loud Enough,2022å¹´1æœˆ16æ—¥ åœ¨ç¾å›½å®¡æ ¸,"My husband was excited to LOVE this these. But followed directions and hooked up to his cell phone first to sync and that worked perfectly. HOWEVER, they don't get loud enough at all to be any good. He can turn the TV up to hear but can't turn these up loud enough to use instead of the tv speakers. Returning. Very disappointed.",2
nice seat for re-charge,2022å¹´3æœˆ20æ—¥ åœ¨ç¾å›½å®¡æ ¸,has very good stereo sound,4
Worst head phones ever,2022å¹´5æœˆ29æ—¥ åœ¨ç¾å›½å®¡æ ¸,Worked great for a week. Then the started to crackle and would fade in and out.now they only stay charged for about 6 hours. Waiting for them to die and will get a more expensive pair,3
Rip off,2021å¹´10æœˆ11æ—¥ åœ¨ç¾å›½å®¡æ ¸,"The description says that it will sync with a TV, but the reality is that you will have to purchase additional equipment if you plan to use it with a modern TV. Absolute rip off.",1
"Charged Great, but..",2022å¹´5æœˆ22æ—¥ åœ¨ç¾å›½å®¡æ ¸,"zip on pairing with the Transmitter.

After charging until the Green light on the Charger/Transmitter base went out, I adjusted the headphones, and turned it on.

The Green light on the left headphone, flashed indicating that it was attempting to pair up with the Transmitter.

Unfortunately, the Red light on the Transmitter never came on, so the headphones ""disconnected"". And, after 3 minutes, shut off automatically.

Returning these was pretty easy.

But, a darn shame it didn't work.

So, going to try a corded pair next time.",1
Headphones work for a while then kept cutting in and out.,2021å¹´12æœˆ23æ—¥ åœ¨ç¾å›½å®¡æ ¸,Headphones work for a while then kept cutting in and out. Ear cups are too small keep hurting the outer ear after prolonged use.,2
Good but hard for my aging father keep charged,2021å¹´10æœˆ11æ—¥ åœ¨ç¾å›½å®¡æ ¸,I bought these for my dad. He is hard of hearing so needs headphones to hear the TV so it doesn't drive my mother crazy. It seemed to work really well but he has a hard time setting them on the base so they charge correctly. Other than that they seem to be really good.,4
Can't figure out how to set up,2022å¹´3æœˆ7æ—¥ åœ¨ç¾å›½å®¡æ ¸,Haven't used it yet because I can't figure out how to set it up still....kinda a waste of money - I bought it for my dad...but he's gone now... :(,3
SPEAKERS ARE VERY LARGE,2022å¹´1æœˆ26æ—¥ åœ¨ç¾å›½å®¡æ ¸,The speakers are too big- I have to keep adjusting them.,4
Nice earphones,2022å¹´1æœˆ18æ—¥ åœ¨ç¾å›½å®¡æ ¸,Husband likes them,4
ğŸ–•ğŸ»,2021å¹´12æœˆ15æ—¥ åœ¨ç¾å›½å®¡æ ¸,Sound quality not the best but does itâ€™s job kind of big and bulky wish it was a little bit more compact thinking it was that big and bulky you would think it have better sound quality than it does . Really only complaint other than that does itâ€™s job fine for the amount of money you pay,3
ONLY WORKS FOR SHORT TIME,2022å¹´3æœˆ14æ—¥ åœ¨ç¾å›½å®¡æ ¸,"I bought three of these I have a 92-year-old aunt that lives in a nursing home and cannot hear nor see. But she loves to listen to TV the first one last a year and a half, the second one about eight months the third one less than two. You have to buy the batteries from the manufacture which didnâ€™t help any of them and they tell you to go online and watch that help video. THE VIDEO!!! Only one no matter what your question is itâ€™s the same video over and over. I can barely understand them and it really doesnâ€™t give you any options on specific help. I even checked these last two on the phones which is an option to test if workingâ€¦.. nothing silence. Iâ€™ve spent over $200 and she sits there with nothing to use . Donâ€™t buy they are not worth it.",1
Would not connect to either of my TV â€˜s that are only 4 years old,2022å¹´1æœˆ5æ—¥ åœ¨ç¾å›½å®¡æ ¸,I could not get the head phones to connect to my televisions,3
"After initial charging, the headphones did not work",2022å¹´1æœˆ26æ—¥ åœ¨ç¾å›½å®¡æ ¸,"I initially tested the phones after I hooked it up, they worked fine. Then I left it charging. Got back to it a couple days later and then phones put out nothing. Now I gotta go through the hassle of sending these stupid things back. ARGGHHHH! I trouble-shooted it per the instructions, still nothing. I do not recommend these phones, they work fine for some, others are left with a brick.",1
Nice and comfortable for mother,2021å¹´10æœˆ18æ—¥ åœ¨ç¾å›½å®¡æ ¸,Only problem is showing mom how to unplug it so she can listen to TV without the headphones,4
Doesn't have an optical port.,2021å¹´11æœˆ23æ—¥ åœ¨ç¾å›½å®¡æ ¸,Headphones do not have an optical port. My TV does not have old fashioned audio cable ports. The manufacturer needs to update the equipment rather than expecting customers to buy something to convert optical to old audio cables.,1
"Comfortable, but lots of static.",2021å¹´12æœˆ27æ—¥ åœ¨ç¾å›½å®¡æ ¸,"Tried running the sound cable a couple of different routes to see if it was picking up something from the tv, but the headphones always have static.",2
Convenient charging stand,2022å¹´2æœˆ1æ—¥ åœ¨ç¾å›½å®¡æ ¸,The unit does not have optical audio input port. Pin plug only.,3
Too complicated to hook up to TV,2022å¹´2æœˆ25æ—¥ åœ¨ç¾å›½å®¡æ ¸,"Had to buy additions to connect to my Smart TV, which the selling company did not include.",2
Miediocre sound,2021å¹´12æœˆ10æ—¥ åœ¨ç¾å›½å®¡æ ¸,sound reception not that good,3
WON'T CHARGE,2022å¹´1æœˆ7æ—¥ åœ¨ç¾å›½å®¡æ ¸,"I have a Phillips Android tv bought 2 years ago. It was hard to get the headset to charge , the green light turning off then turning on again if I move the headset a little bit. Then they never worked. The set up is very simple, yet the headset will not work. It seems like the batteries are defective. Very frustrating and a waste of time. I returned the headset.",1
Customer Service no response,2022å¹´1æœˆ24æ—¥ åœ¨ç¾å›½å®¡æ ¸,Item did not work on my smart tv and tried to contact them 3 times via email to get the optical audio connector as they mentioned in their instruction booklet and have not received a response. I'm disappointed with their product and service and I'm requesting a refund.,1
Headline,2021å¹´12æœˆ26æ—¥ åœ¨ç¾å›½å®¡æ ¸,It works,3
small ears pads,2022å¹´6æœˆ9æ—¥ åœ¨ç¾å›½å®¡æ ¸,tv for the price is okay,4
Have bought them twice; both broke in 7 months,2022å¹´6æœˆ30æ—¥ åœ¨ç¾å›½å®¡æ ¸,I bought the first pair April 2021; they broke Nov 2021. I replaced them Nov 2021 at my own expense because the return window closed. Now itâ€™s June 2022 and the 2nd pair broke. The return window has closed. Iâ€™m looking for a new brand. Help!,1
Make sure your TV has a audio out,2022å¹´1æœˆ29æ—¥ åœ¨ç¾å›½å®¡æ ¸,"In the instruction book it said if you done have the right connection on the TV to contact their customer service and they will send a converter free of charge. Well, no answer from customer service. Not even an acknowledgment that they received my email. Horrible.",1
quit working after 3.5 months,2021å¹´11æœˆ26æ—¥ åœ¨ç¾å›½å®¡æ ¸,they were ok until they quit working after less than 4 months. checked battery they were ok light in the charging station seemed good just no sound. checked on different units,1
Wore for less than 30 min before was DOA,2022å¹´2æœˆ8æ—¥ åœ¨ç¾å›½å®¡æ ¸,"After months of delays in using this headsetâ€¦crushed on how disappointing the maiden launch of using wasâ€¦Charged on base overnight, used for less than 30 min and the headset was DOAâ€¦ no amount of charge got it to work again..",1
Ease of use,2022å¹´4æœˆ18æ—¥ åœ¨ç¾å›½å®¡æ ¸,They fit ok but hooking it up and having it work was a no go. Followed directions and it wouldnâ€™t pair to tv. It charges fully within the 24 hours but no sound.,1
Too difficult to install,2022å¹´1æœˆ6æ—¥ åœ¨ç¾å›½å®¡æ ¸,Instructions difficult to understand.,1
They were nice while they lasted,2022å¹´8æœˆ6æ—¥ åœ¨ç¾å›½å®¡æ ¸,These headphones were easy to set up & the sound quality was pretty good. BUT after 1 month they charging base quit working & this item is no longer available.,1
JUNK,2022å¹´5æœˆ11æ—¥ åœ¨ç¾å›½å®¡æ ¸,They lasted about only a few months then stopped working of course to late to return. If you buy a pair I would recommend buying the warranty.,1
The quality is very low.,2021å¹´12æœˆ15æ—¥ åœ¨ç¾å›½å®¡æ ¸,"The product is poorly manufactured. The sound ""fuzzes"" out at louder, low frequencies",1
"Fragile headphones, not made for durability",2022å¹´5æœˆ24æ—¥ åœ¨ç¾å›½å®¡æ ¸,"The muffs/speakers clamp down very tight and pinch the ears.The plastic attached to the muffs, is very fragile and has already broken, by just changing the batteries, with 7-uses.One profitable benefit, is the sound quality.",1
Could not get them to work,2022å¹´1æœˆ19æ—¥ åœ¨ç¾å›½å®¡æ ¸,Could not get them to work,3
Received returned product that was used,2022å¹´1æœˆ22æ—¥ åœ¨ç¾å›½å®¡æ ¸,"received a returned product, box was damaged and had been taped to hold it together
product was carelessly stuffed into box, packaging, cable ties, instructions were thrown into bottom
there was HAIR in the headphones, clearly had been used, one cable was broken
disgusting, handled it with gloves
was hoping it was only the packaging since this was a gift, sending it back ASAP",1
Crap,2022å¹´1æœˆ29æ—¥ åœ¨ç¾å›½å®¡æ ¸,"Described as wireless (not bluetooth or wifi) needs it's own base and not compatible with anything (my TV, stereo or DVR). Do not recommend.",1
Do not buy,2022å¹´2æœˆ4æ—¥ åœ¨ç¾å›½å®¡æ ¸,Never has worked from the day I got it,1
Total Junk!!!,2022å¹´3æœˆ20æ—¥ åœ¨ç¾å›½å®¡æ ¸,Junk right out of the box! Complete waste of money! If you have an extra $80-$100... Light it on Fire!!! Way less frustrating with equal results.,1
Never worked,2022å¹´2æœˆ11æ—¥ åœ¨ç¾å›½å®¡æ ¸,You have to talk to the company by email and that will be read the next day,1
Worked for a week - very very flimsy and cheap,2022å¹´5æœˆ4æ—¥ åœ¨ç¾å›½å®¡æ ¸,These headphones worked great for a week - then they completely stopped working. No amount of tech support worked. They literally stopped working. They are super junky and not worth $79.,1
I cannot get these to work,2022å¹´2æœˆ19æ—¥ åœ¨ç¾å›½å®¡æ ¸,I want to use this item to watch TV but I cannot get them to work.,1
Product,2021å¹´12æœˆ18æ—¥ åœ¨ç¾å›½å®¡æ ¸,I have purchased this item 3 different times in the last year and a half they last about six months background noise buzzing now the one Iâ€™ve had for a month itâ€™s already not charging I am not happy,1
It does not work on my TV!,2022å¹´3æœˆ24æ—¥ åœ¨ç¾å›½å®¡æ ¸,From day one I tried every way possible to make it work and never could get any sound from it. The TV is a new LG 65 inch. They are not compatible.,1
"No response from vendor, doesn't work on smart TV without converter",2022å¹´2æœˆ12æ—¥ åœ¨ç¾å›½å®¡æ ¸,"No response from vendor, doesn't work on smart TV without converter- instructions email vendor and one will ship out in 2days 3 emails and 4 weeks still nothing returning the head set",1
Lasted only a few months,2022å¹´4æœˆ14æ—¥ åœ¨ç¾å›½å®¡æ ¸,"Bought a set for a Christmas present, lasted a few months. Was able to return/exchange. Same thing on second set, worked for a few months.",1
Charging is awful,2021å¹´11æœˆ4æ—¥ åœ¨ç¾å›½å®¡æ ¸,"Ear phones very comfortable but putting on base is terrible, takes about 5 minutes to line up earphones to charge, real pain. Would I order again, No!!!!",1
Product doesnt work to late to return,2021å¹´10æœˆ13æ—¥ åœ¨ç¾å›½å®¡æ ¸,Product doesnt work.to late to return. Need to speak to some one to fix,1
Returned!,2022å¹´5æœˆ3æ—¥ åœ¨ç¾å›½å®¡æ ¸,Sound not clear. Returned!,1
They only worked great while they worked for about 3 week. I need to send them back.,2022å¹´1æœˆ5æ—¥ åœ¨ç¾å›½å®¡æ ¸,"Great while they worked, but, stopped working after 3 weeks ğŸ¥². I havenâ€™t sent them back yet. ğŸ˜ª",1
They do not work!!,2021å¹´10æœˆ13æ—¥ åœ¨ç¾å›½å®¡æ ¸,Fairly pricey for something that doesn't work!,1
they did not work emailed for a return label but no answer,2021å¹´10æœˆ22æ—¥ åœ¨ç¾å›½å®¡æ ¸,will not work need label to send back will have to mail no printer,1
Good for about 2 months,2022å¹´2æœˆ9æ—¥ åœ¨ç¾å›½å®¡æ ¸,These worked great for 2 months and then just quit. Was lustening to them abd then nothing,1
NO WAY TO CONTACT IF HAVE TECHNICAL PROBLEM WITH HEADPHONES,2022å¹´7æœˆ3æ—¥ åœ¨ç¾å›½å®¡æ ¸,NO WAY TO CONTACT IF HAVE TECHNICAL PROBLEM WITH HEADPHONES,1
Never worked!!,2021å¹´9æœˆ4æ—¥ åœ¨ç¾å›½å®¡æ ¸,"I had to get the extra part mentioned in the instructions, still never worked.",1
Didnâ€™t work with our tv . Non compatible.,2021å¹´12æœˆ5æ—¥ åœ¨ç¾å›½å®¡æ ¸,Didnâ€™t work with our tv.,1
Did not work for long,2022å¹´6æœˆ17æ—¥ åœ¨ç¾å›½å®¡æ ¸,Very disappointed.....quit working after 2 months.,1
Did not receive all the cords to use,2022å¹´1æœˆ4æ—¥ åœ¨ç¾å›½å®¡æ ¸,I tried to contact to get the cords and charger only received he hase nd headphones.,1
Clarity,2022å¹´1æœˆ27æ—¥ åœ¨ç¾å›½å®¡æ ¸,Sounded like I was in a tunnel,1
we need to get them to even work,2021å¹´11æœˆ26æ—¥ åœ¨ç¾å›½å®¡æ ¸,We can't get them to play yet we need an adapter,1
It is not working with my tv,2021å¹´10æœˆ14æ—¥ åœ¨ç¾å›½å®¡æ ¸,We use TCL ROKU Tv. We canâ€™t activate this head phone.,1
I did not know it would not work with antenna TV,2021å¹´9æœˆ28æ—¥ åœ¨ç¾å›½å®¡æ ¸,dose not work with analog antenna TV,1
Not compatible,2022å¹´1æœˆ21æ—¥ åœ¨ç¾å›½å®¡æ ¸,They do not work on smart tvs,1
Connector cables no compatible for smart TV set,2021å¹´11æœˆ24æ—¥ åœ¨ç¾å›½å®¡æ ¸,See title,1
Excellent headphone with equally excellent customer service on a warranty issue,2021å¹´9æœˆ17æ—¥ åœ¨ç¾å›½å®¡æ ¸,"Just as others have reported here, sound quality and comfort are excellent on Artiste's ADH 300. I highly recommend this product. I did have one problem and it was very quickly resolved. After 21 months of use, the left ear cup detached from the headband. Artiste's customer service responded in less than 24 hours and said they would ship a replacement; no questions asked. The replacement arrived 3 days later. The warranty service was so excellent that I am giving the product the 5 stars it deserves in spite of the detached headband (which might have been a defect or might have resulted from rough handling). I see that there are some similar looking products on Amazon, so look for the ones with the ""A"" logo on the headphones as shown in the attached photo.",5
Wish sound quality was better but these are at least good enough,2021å¹´9æœˆ27æ—¥ åœ¨ç¾å›½å®¡æ ¸,"I have a new neighbor who is hypersensitive to sound and she's driving me crazy. In 35 years of living in apartments I have never had a single noise complaint from a neighbor but this lady watches her own television with the volume all the way down and closed captioning on. If I'm watching anything after 6 pm that she considers loud she starts banging on her ceiling. I decided to explore using headphones as a possible option when watching certain movies at night.

I knew upfront that there would be a trade-off in sound quality because I have an expensive surround sound system. People who use their built-in TV speaker aren't going to notice nearly as much of a drop in sound quality when using headphones but I was definitely going to miss using my speakers.

Before this one, I tried another similar product and the quality was horrendous--bass overwhelmed everything else, sound effects and music were hollow and distant, and when watching an old movie where there weren't a lot of sound effects and music the fact that the sound wasn't crystal clear became very obvious.

These wireless headphones are a huge improvement over the first set I tried (those listed for $59.99 instead of this product's $79.99 so the higher price may partly account for the bump in quality). I'd like to find something with better overall sound fidelity but these are at least good enough that the experience of watching movies isn't ruined by the necessity of wearing headphones instead of using speakers.

With these headphones, everything is clear--dialogue as well as music and sound effects. That's the case with old Hitchcock films or with new movies like Suicide Squad and Malignant. I have actually watched a half dozen loud action movies with these since those are the kind of films that would definitely start the knocking and the sound with these headphones was good enough that I still enjoyed watching the movies. That's the best that I can say about the quality of the sound but for most people who are using headphones so they won't disturb a family member or neighbor these should definitely do the job.

The build quality is pretty cheap which is probably to be expected when a company is selling wireless headphones, charger, and transmitter at this price point. The headphones are plastic and don't feel nearly as sturdy as regular Bluetooth or wired headphones--these are made to be very light so you can wear them for hours without any discomfort.

The transmitter also functions as the charging station for headphone storage. It can be tricky to properly line up the charging poles on the right earcup with the ones on the base because the headphones fit into the base loosely. When you get them aligned correctly the green light goes on indicating that the headphones are charging (and disappears when the headphones are fully charged) but so far I haven't lined up the connectors properly on the first try once. You need to keep fiddling with the position of the headphones until the charging light comes on.

I've watched two or three movies a night with these and there is one feature that can be an irritation--the headphones automatically power off to extend battery life which is fine but that battery saving feature is very aggressive--if you pause a movie to go to the bathroom or make popcorn (or do either between movies) the headphones will power off. If you are scrolling through movies on Amazon Prime or Netflix or whatever to find something to watch the headphones will power off. They take 5-10 seconds to reconnect so if you turn the headphones back on and start up a paused movie you might end up missing a couple of lines of dialogue.

The battery also charges very slowly. If you use the headphones for 4 hours then it will take nearly that long before they are fully charged again but if the headphones do actually have 20 hours of battery life the slow charging probably won't be an issue for most people.

This is most definitely not a premium product. Everything is plastic with build quality that's acceptable but you wouldn't want to be rough or careless with these headphones. The quality of the sound is only ok but everything is very clear even with movies like Suicide Squad and Malignant where there is a big difference in volume between dialogue and sound effects. This likely isn't the best product of its kind but for $79.99 they're good enough and do exactly what they are supposed to.",4
Rechargeable batteries,2022å¹´1æœˆ16æ—¥ åœ¨ç¾å›½å®¡æ ¸,I bought my first set two years ago and another set of head phones 6 months ago. When they both stopped working and wouldnâ€™t charge I thought my transmitter was bad. I have spent the last two months trying to figure out how to buy another transmitter by itself. Then I was reading reviews last night when I realized I really overlooked the words â€œRechargeable batteriesâ€!! I had put new batteries in but when they died I put them on the transmitter and got no response. Duh!! Dead batteries canâ€™t recharge lol. I know this may seem simple to some people but in my haste to try out these great headphones I missed that word big time. I didnâ€™t have any rechargeable when I discovered this so I just put in new batteries and they work great!! I bought my first set of Artiste for 67$ and the new exact set on Amazon today was 149$ Wow talk about inflation. So glad I figured it out. Hope this helps some of you. This is a really good set of headphones. Iâ€™m 70 and my hearing is going.,4
Good quality but a little difficult to use :/,2021å¹´9æœˆ13æ—¥ åœ¨ç¾å›½å®¡æ ¸,"I purchased this product to have nice audio quality when watching videos alone. I have a SmartTV at home and I didnâ€™t realize I needed an extra optical adapter. It was uncomfortable to set it up initially because of this. I needed to purchase the extra adapter in order to connect it. After setting it up successfully though, the audio quality was good, it was a nice and soft fit, and the volume control was nice too. The only thing is that when you take it off, all the connection is lost and youâ€™ll need to reconnect everything. Other than that, itâ€™s a nice pair of headphones.",4
Perfect for my 90 yr old Father with hearing difficulties,2021å¹´10æœˆ22æ—¥ åœ¨ç¾å›½å®¡æ ¸,Perfect sound quality and comfort in wearing for my 90 year old father with hearing difficulties without disturbing others,5
"Decent sound quality, comfortable to wear",2021å¹´10æœˆ11æ—¥ åœ¨ç¾å›½å®¡æ ¸,"I like how easy these were to hook up using the earphone jack on the tv. They are comfortable and have decent sound. Quality-wise they feel a bit flimsy but if you are the type of person who is careful with your stuff, youâ€™ll have no problem.

The buttons are hard to read because they are black just like the headphones. (See pictures) You have to get to know the buttons or youâ€™ll be searching for them every time.

Comfortable to wear and very lightweight.

Overall these are good but Iâ€™ve had better ones.",4
Failed to work-BRAND SWITCH SCAM,2021å¹´9æœˆ15æ—¥ åœ¨ç¾å›½å®¡æ ¸,Bought 2nd set to repalce Aritiste... BUT Failed to work- This is a BRAND SWITCH SCAM as now multiple brands that look alike but keep rotating as they NO LONGER WORK Reliably.... Amazon should monitor this kind of electronics brand switching scamming. Other reviewers on different look alikes have said same thing... SO PAY ATTENTION to reviews.,1
They keep re naming these to shake the reviews cause they die after couple months,2021å¹´8æœˆ10æ—¥ åœ¨ç¾å›½å®¡æ ¸,"I bought exact same headphones, but could not put review because they pulled the product. After couple month of lite use they stopped charging, garbage",1
Don't Buy,2021å¹´11æœˆ25æ—¥ åœ¨ç¾å›½å®¡æ ¸,Don't waste your money on these headphones. We've had them just over six months and they won't hold a charge I tried to contact the company they won't even help out with the warranty and we had to buy another pair to replace them in these are going in the garbage! Total waste of your money try another product instead,1
Easy Peasy,2022å¹´5æœˆ10æ—¥ åœ¨ç¾å›½å®¡æ ¸,My elderly brother was able to figure out how to hook them up and charge them. Easy Peasy!,5
Wouldnâ€™t buy again,2021å¹´10æœˆ1æ—¥ åœ¨ç¾å›½å®¡æ ¸,These were great for about 6 months. Now they work in 1 ear some of the time and sometimes they donâ€™t work at all.,3
Didnâ€™t come with what it was supposed to?,2022å¹´6æœˆ21æ—¥ åœ¨ç¾å›½å®¡æ ¸,Unfortunately I never received the dock or component for the tvâ€¦ just the headphones. No way to hook it up or connect it/charge it.,1
"Something lose in earpiece, rattling sound",2021å¹´10æœˆ29æ—¥ åœ¨ç¾å›½å®¡æ ¸,There was something lose in the earpiece resulting in a rattling sound with the slightest movement.,1
Stopped Working After a Few Months,2022å¹´3æœˆ22æ—¥ åœ¨ç¾å›½å®¡æ ¸,"It was kind of difficult to set up, but then it suddenly stopped working after a few months.",1
$80.00 junk,2022å¹´1æœˆ8æ—¥ åœ¨ç¾å›½å®¡æ ¸,hard to get them to charge very poor system. quite working after 4 monthes,1
Very Impressed,2021å¹´9æœˆ7æ—¥ åœ¨ç¾å›½å®¡æ ¸,"Shipping/Packaging: The headphones arrived on time, packaged in the manufacturer's sales box inside a non-padded plastic envelope. Even without extra protection the box showed no signs of shipping trauma. The contents of the box are fully protected by a molded double plastic sleave holding everything securely in its place.
Manuals/User Instructions: Surprise!! There are multiple comprehensive user guides, in English and pretty much grammatically correct, included.
Quality: The ADH300 appear to be mostly plastic in construction but with a solid design look and feel. The molded shape adds relief to the headband where the earphones are placed. This allows for a comfortable fit on the head without adding pressure at the ears. The addition of a layer of foam where the headband rests on your head is a very nice touch for comfort.
Setup: Pretty simple procedure here and well explained in the documentation.
Controls: With two controls, the On/Off button and volume control, it does not get much easier.
Sound Quality: The sound quality was very good no matter what I was listening to (cable tv, Netflix, Xboxâ€¦). But I am not an audiophile and do not have the best hearing to begin with so that is very subjective.
Listening Distance: Surprisingly good! I went from the third floor (where I was watching TV) to outside in the yard to move a sprinkler without a single hiccup in reception. I have used Bluetooth devices that had issues sitting in front of the TV and couldnâ€™t be listened to in the kitchen let along outside. This unit uses an RF (radio frequency) signal, so comparing it with Bluetooth is like comparing a Cessna with a Lear Jet.
Batteries: These use two â€œAAAâ€ rechargeable batteries. So far, I have used these headphones nightly for a week without a recharge.
Conclusion: I have used expensive and inexpensive wireless headphones for years and I have no problem recommending the ADH300 Wireless Headphones.",5
"No longer do I hear ""TURN DOWN THE TV!!!!!""",2021å¹´9æœˆ7æ—¥ åœ¨ç¾å›½å®¡æ ¸,"This wireless TV headset works!!!! I go to bed at 4 or 5 am, my wife gets up at 7am. I watch war, sci fi and action movies. In order to hear the dialog I turn up the TV volume, but when there are explosions the volume is too high and sometimes my wife comes in and gives me that ""look"" and shuts the door (if it is not already shut) as I woke her up.

The great thing is that this headset has three ways to install. (1) Through TV audio out ... which I can't use as I have an external soundbar installed. (2) Through TV RCA output jacks, I have a VCR attached for tape transfer. (3) So that left me with TV optical output as the last resort.

To do my optical connection:

1. I bought a SYNIC digital to analog converter (D&A) that includes an optical cable and is powered by USB - there are tons of D&A options, I bought SYNIC D&A based on price and good reviews. You need a USB to AC connector for power to plug the D&A into AC power. Total cost $15.

2. The headset comes with all the necessary RCA jack connectors. From the headset power stand that RCA cables are connected, connect it to the D&A converter.

3. Connect the optical cable into the D&A converter.

4. Connect the optical cable from the D&A converter to the optical input in the TV.

5. Important step if you hear no sound from the headset... my TV was set for ""audio format"" dolby digital sound. CHANGE THE AUDIO FORMAT TO PCM. On my Samsung TV you change settings by clicking on remote: Menu/Sound/Additional Settings/Audio Format PCM

5. Turn off the soundbar or hit mute so sound only comes out of the headset.

I tested the headset while watching regular TV channels. Then using the smart TV to switch to streaming services like Netflix, Youtube and Amazon Prime and everything works great!

If you use your PC browser to do internet based streaming, since it does not go through the TV except as a monitor, the headset does not pick up the signal.

Headphone is very well packaged. Great documentation written in clear English. Needs to be fully charged before using out of the box. Watched the entire movie Cliffhanger, and was comfortable ... and it beats getting on the wrong side of an argument\-)",5
Great product but battery issues.,2021å¹´8æœˆ21æ—¥ åœ¨ç¾å›½å®¡æ ¸,Great product but the (AAA?) rechargeable batteries quit holding a charge after a while.,4
My 21 year old son likes them so much I had to get him a pair too!,2021å¹´9æœˆ8æ—¥ åœ¨ç¾å›½å®¡æ ¸,"I like these headphones. My 21 year old son in college loves them he wants a pair for himself . I had to get him a pair for college too. They are super easy to set up and use. Just charge the unit before you get started. Plug it into the TV or I-pad or whatever you have and Voila! it works. I had no difficulty setting it up. The headphones do have noise cancellation and were able to transmit inside and outside my home. I like them and recommend them. As a matter of fact, buy two one for you and one for the other person that is gonna want a pair too!",5
"Comfortable, Sound Good. Easy to Connect",2021å¹´12æœˆ29æ—¥ åœ¨ç¾å›½å®¡æ ¸,"We bought these to replace a old pair that were from Sharper Image. The connectors from the old pair worked easily with these (red and yellow tips). My mom says the sound is good and they are comfortable. She uses them all evening without a problem, so that's how long we know the charge lasts, at least. For the price we thought they were worth a try and we're glad we bought them. Been using them for about 3 weeks now with no problems.",5
Solid performance,2022å¹´4æœˆ22æ—¥ åœ¨ç¾å›½å®¡æ ¸,"In the past 2 years I've had 4 sets of headphones. The sound has been acceptable but moving around causes loss of signal and pops and static. One of those pair were these. They always had a clear signal even when I left the house and went outside, so when I needed to replace yet another pair upstairs, I bought these headphones with the same result. Excellent signal strength, clear and I might add comfortable.",5
Best thing I ever bought,2021å¹´11æœˆ26æ—¥ åœ¨ç¾å›½å®¡æ ¸,I bought one of these (same brand )years ago. I live in a apt and my wife can hear the tv when I come in at midnight from work. The old one died so had to have another set. This one is made a little cheaper than the old one. When I set it in the charger it connects better than the old ones.,5
love this with one exception,2022å¹´1æœˆ13æ—¥ åœ¨ç¾å›½å®¡æ ¸,"I loved using these to watch t.v. shows, movies, news, etc. EXCEPT....the audio would not work when I tried to watch a movie on Prime. I could get the t.v.audio if I turned it to the highest volume, but no audio on the earphones.....so disappointed....the whole purpose is to have the audio thru the earphones so I don't disturb anyone else. I know that there must be a solution to this, but I have not found it yet.",4
Amazing sound for Tampa Bay Buccaneers gameğŸ¥°,2021å¹´12æœˆ5æ—¥ åœ¨ç¾å›½å®¡æ ¸,I was a little skeptical because usually the higher priced ones work the best...And as soon as I put it on the quality if the sound was great and sharp like I was actually at the game..easy set a plus and very kite weight headset...thumbs up...price is reasonable.,5
Amazing!,2021å¹´9æœˆ4æ—¥ åœ¨ç¾å›½å®¡æ ¸,I got these for my Dad and they are amazing! He is older and turns the TV up so loud that it bothers everyone else in the house. Now he can just wear these headphones and we can enjoy the peace and quiet!,5
Great,2022å¹´3æœˆ29æ—¥ åœ¨ç¾å›½å®¡æ ¸,No need to spend hundreds of $$. Easy install. Good quality,5
"Excellent Quality, Sound, and Price!",2022å¹´4æœˆ20æ—¥ åœ¨ç¾å›½å®¡æ ¸,"Unfortunately, I returned these headphones as I was able to repair my older headphones. Still, when I do need to purchase new headphones, I will gladly purchase these.",5
Excellent sound,2021å¹´11æœˆ10æ—¥ åœ¨ç¾å›½å®¡æ ¸,"Very comfortable.
Easy to install.
Great stereo sound.",5
Great,2022å¹´1æœˆ30æ—¥ åœ¨ç¾å›½å®¡æ ¸,I love these headphones they are very clear and loud so I can hear it good. No trouble hooking up and charging.,5
MY Wife said no..,2022å¹´6æœˆ10æ—¥ åœ¨ç¾å›½å®¡æ ¸,FAST SET UP CAME ALL CHARGED UP YOU MUST HAVE AN OPEN SOUND OUTLET OR A SPLINTER MY WIFE IS HAPPY,5
Excellent,2022å¹´4æœˆ24æ—¥ åœ¨ç¾å›½å®¡æ ¸,My husband loves it..his tv always so loud..I can hear it across house. This has no static,5
Works perfectly,2021å¹´12æœˆ27æ—¥ åœ¨ç¾å›½å®¡æ ¸,This product works as it was supposed to my husband and I like different programs and our house is small that the two rooms where the TVs are are close together so we can each watch our own shows and comfort would highly recommend them,5
I love them â™¥ï¸,2022å¹´4æœˆ11æ—¥ åœ¨ç¾å›½å®¡æ ¸,"I love the sound quality, plus comfortable on ears, price seems fair",5
Great price,2022å¹´3æœˆ10æ—¥ åœ¨ç¾å›½å®¡æ ¸,The headset is great and the price of them are great quality.,5
ok,2021å¹´12æœˆ25æ—¥ åœ¨ç¾å›½å®¡æ ¸,ok,5
Easy set up,2021å¹´11æœˆ22æ—¥ åœ¨ç¾å›½å®¡æ ¸,Easy set up and good sound,5
Headphones were a great hit for a gift,2021å¹´12æœˆ1æ—¥ åœ¨ç¾å›½å®¡æ ¸,It was easy to set up for my friend who is 80 years old and she seems to really enjoy them,5
I made a great choice.,2021å¹´11æœˆ29æ—¥ åœ¨ç¾å›½å®¡æ ¸,"I purchased the earphones for my husband, he is hard of hearing and turns the TV up to loud for me. He now can hear the TV and Iâ€™m not going deaf. He loves them, great sound quality and comfortable.",5
Great for someone hard of hearing,2021å¹´12æœˆ3æ—¥ åœ¨ç¾å›½å®¡æ ¸,"My mom is very hard of hearing and would have the sound up so high the neighbors could hear it. Now she wears them, hears everything and the neighbors donâ€™t have to hear the TV.",5
Easy to set up a pair a second headset,2021å¹´12æœˆ19æ—¥ åœ¨ç¾å›½å®¡æ ¸,Usually setting up stuff like the involves a get #%#%* but not this time. Only big knock would be how it sits in the charger. You have to get it just right to charge.,4
Very pleased,2021å¹´11æœˆ19æ—¥ åœ¨ç¾å›½å®¡æ ¸,"Gift for my husband to use with the TV
Sound clarity great",5
Should have more base sound,2021å¹´12æœˆ31æ—¥ åœ¨ç¾å›½å®¡æ ¸,Not enough base sound,4
Works great,2021å¹´10æœˆ3æ—¥ åœ¨ç¾å›½å®¡æ ¸,Love how it sounds. Not bad on the ears.,5
Great Headphones,2021å¹´9æœˆ24æ—¥ åœ¨ç¾å›½å®¡æ ¸,Works great. East to set-up. Fits well. Love to use them for almost all sporting events. Very helpful if you have young kids in the house.,5
Easy to use,2022å¹´4æœˆ6æ—¥ åœ¨ç¾å›½å®¡æ ¸,works well,5
Best ever,2021å¹´12æœˆ1æ—¥ åœ¨ç¾å›½å®¡æ ¸,The unit just works great!!,5
Excellent product,2021å¹´9æœˆ13æ—¥ åœ¨ç¾å›½å®¡æ ¸,Good to very good sound quality,5
How did I live without these?,2021å¹´8æœˆ14æ—¥ åœ¨ç¾å›½å®¡æ ¸,"I was looking for a pair of comfortable over-the-ear headphones so hubby and I can listen to TV together each at the volume we like. I also needed them so I didn't have to listen to the TV while he was. These headphones are fantastic! I bought a second set for our beach condo. Customer service is also fantastic. I've had to contact them twice and they respond instantly. I highly recommend buying these, you won't regret it.",5
Love these headphones 5th pair!,2022å¹´1æœˆ14æ—¥ åœ¨ç¾å›½å®¡æ ¸,"I love these headphones. I have tried others that are more expensive, and the cut out was terrible. This is my fifth pair of these, I have them on all my TVs. Iâ€™m only ordering another one because of the arms will come loose and you have to superglue them or buy a new pair, but it takes a lot of use for that to happen. I put them through that hurt, I wear them every night, I walk all over my house, out in my yard, in my garage, sound quality is great, cut out itâ€™s minimal, very comfortable. Highly recommend them!",4
"Sound and clarity, very good.",2021å¹´8æœˆ16æ—¥ åœ¨ç¾å›½å®¡æ ¸,These headphones remain comfortable after hours of wearing them. The sound and clarity are both very good. Customer Service is great and prompt. You get a quick response. I've enjoyed using these.,5
Hearing clear and good volume.,2021å¹´12æœˆ28æ—¥ åœ¨ç¾å›½å®¡æ ¸,I like this product very much. Much better than what I had before. The price was right for me.,5
"My husband canâ€™t hear well, I bought these for him so I could listen to tv more comfortable.",2021å¹´12æœˆ24æ—¥ åœ¨ç¾å›½å®¡æ ¸,I can hear with a normal sound and he can hear just fine with these. I can turn it down and he can still hear fine.,5
